name,contact,email,gender,age,address,city,zip_code,job_role,occupation
sarath,12346,uvjay@gmail.com,male,22,xyz,abc,123,mn,aa
abas,123456,uvasd@gmail.com,male,22,xyz,cdsv,123,fd,aa
adsf,7654,uvasdsdsd@gmail.com,male,22,xyz,abc,123,mn,aa
dfsdg,6565,uvqwer@gmail.com,male,22,xyz,abc,123,mn,aa
sf,765,uvzxc@gmail.com,male,22,xyz,abc,123,mn,aa
f,43,uvkjhg@gmail.com,male,22,xyz,abc,123,mn,aa
f,123,uvfdg@gmail.com,male,22,xyz,abc,123,mn,aa
dsf,345,uvfdgfd@gmail.com,male,22,xyz,abc,123,aa
ajay,123456,uv@gmail.com,male,22,xyz,abc,123,mn,aa
sarath,12346,uvjay@gmail.com,male,22,xyz,abc,123,mn,aa
abas,123456,uvasd@gmail.com,male,22,xyz,cdsv,123,fd,aa
adsf,7654,uvasdsdsd@gmail.com,male,22,xyz,abc,123,mn,aa
dfsdg,6565,uvqwer@gmail.com,male,22,xyz,abc,123,mn,aa
sf,765,uvzxc@gmail.com,male,22,xyz,abc,123,mn,aa
f,43,uvkjhg@gmail.com,male,22,xyz,abc,123,mn,aa
f,123,uvfdg@gmail.com,male,22,xyz,abc,123,mn,aa
dsf,345,uvfdgfd@gmail.com,male,22,xyz,abc,123,aa
ajay,123456,uv@gmail.com,male,22,xyz,abc,123,mn,aa
sarath,12346,uvjay@gmail.com,male,22,xyz,abc,123,mn,aa
abas,123456,uvasd@gmail.com,male,22,xyz,cdsv,123,fd,aa
adsf,7654,uvasdsdsd@gmail.com,male,22,xyz,abc,123,mn,aa
dfsdg,6565,uvqwer@gmail.com,male,22,xyz,abc,123,mn,aa
sf,765,uvzxc@gmail.com,male,22,xyz,abc,123,mn,aa
f,43,uvkjhg@gmail.com,male,22,xyz,abc,123,mn,aa
f,123,uvfdg@gmail.com,male,22,xyz,abc,123,mn,aa
dsf,345,uvfdgfd@gmail.com,male,22,xyz,abc,123,aa
ajay,123456,uv@gmail.com,male,22,xyz,abc,123,mn,aa
sarath,12346,uvjay@gmail.com,male,22,xyz,abc,123,mn,aa
abas,123456,uvasd@gmail.com,male,22,xyz,cdsv,123,fd,aa
adsf,7654,uvasdsdsd@gmail.com,male,22,xyz,abc,123,mn,aa
dfsdg,6565,uvqwer@gmail.com,male,22,xyz,abc,123,mn,aa
sf,765,uvzxc@gmail.com,male,22,xyz,abc,123,mn,aa
f,43,uvkjhg@gmail.com,male,22,xyz,abc,123,mn,aa
f,123,uvfdg@gmail.com,male,22,xyz,abc,123,mn,aa
dsf,345,uvfdgfd@gmail.com,male,22,xyz,abc,123,aa
ajay,123456,uv@gmail.com,male,22,xyz,abc,123,mn,aa
sarath,12346,uvjay@gmail.com,male,22,xyz,abc,123,mn,aa
abas,123456,uvasd@gmail.com,male,22,xyz,cdsv,123,fd,aa
adsf,7654,uvasdsdsd@gmail.com,male,22,xyz,abc,123,mn,aa
dfsdg,6565,uvqwer@gmail.com,male,22,xyz,abc,123,mn,aa
sf,765,uvzxc@gmail.com,male,22,xyz,abc,123,mn,aa
f,43,uvkjhg@gmail.com,male,22,xyz,abc,123,mn,aa
f,123,uvfdg@gmail.com,male,22,xyz,abc,123,mn,aa
dsf,345,uvfdgfd@gmail.com,male,22,xyz,abc,123,aa
ajay,123456,uv@gmail.com,male,22,xyz,abc,123,mn,aa
sarath,12346,uvjay@gmail.com,male,22,xyz,abc,123,mn,aa
abas,123456,uvasd@gmail.com,male,22,xyz,cdsv,123,fd,aa
adsf,7654,uvasdsdsd@gmail.com,male,22,xyz,abc,123,mn,aa
dfsdg,6565,uvqwer@gmail.com,male,22,xyz,abc,123,mn,aa
sf,765,uvzxc@gmail.com,male,22,xyz,abc,123,mn,aa
f,43,uvkjhg@gmail.com,male,22,xyz,abc,123,mn,aa
f,123,uvfdg@gmail.com,male,22,xyz,abc,123,mn,aa
dsf,345,uvfdgfd@gmail.com,male,22,xyz,abc,123,aa
ajay,123456,uv@gmail.com,male,22,xyz,abc,123,mn,aa
sarath,12346,uvjay@gmail.com,male,22,xyz,abc,123,mn,aa
abas,123456,uvasd@gmail.com,male,22,xyz,cdsv,123,fd,aa
adsf,7654,uvasdsdsd@gmail.com,male,22,xyz,abc,123,mn,aa
dfsdg,6565,uvqwer@gmail.com,male,22,xyz,abc,123,mn,aa
sf,765,uvzxc@gmail.com,male,22,xyz,abc,123,mn,aa
f,43,uvkjhg@gmail.com,male,22,xyz,abc,123,mn,aa
f,123,uvfdg@gmail.com,male,22,xyz,abc,123,mn,aa
dsf,345,uvfdgfd@gmail.com,male,22,xyz,abc,123,aa
ajay,123456,uv@gmail.com,male,22,xyz,abc,123,mn,aa
sarath,12346,uvjay@gmail.com,male,22,xyz,abc,123,mn,aa
abas,123456,uvasd@gmail.com,male,22,xyz,cdsv,123,fd,aa
adsf,7654,uvasdsdsd@gmail.com,male,22,xyz,abc,123,mn,aa
dfsdg,6565,uvqwer@gmail.com,male,22,xyz,abc,123,mn,aa
sf,765,uvzxc@gmail.com,male,22,xyz,abc,123,mn,aa
f,43,uvkjhg@gmail.com,male,22,xyz,abc,123,mn,aa
f,123,uvfdg@gmail.com,male,22,xyz,abc,123,mn,aa
dsf,345,uvfdgfd@gmail.com,male,22,xyz,abc,123,aa
ajay,123456,uv@gmail.com,male,22,xyz,abc,123,mn,aa
sarath,12346,uvjay@gmail.com,male,22,xyz,abc,123,mn,aa
abas,123456,uvasd@gmail.com,male,22,xyz,cdsv,123,fd,aa
adsf,7654,uvasdsdsd@gmail.com,male,22,xyz,abc,123,mn,aa
dfsdg,6565,uvqwer@gmail.com,male,22,xyz,abc,123,mn,aa
sf,765,uvzxc@gmail.com,male,22,xyz,abc,123,mn,aa
f,43,uvkjhg@gmail.com,male,22,xyz,abc,123,mn,aa
f,123,uvfdg@gmail.com,male,22,xyz,abc,123,mn,aa
dsf,345,uvfdgfd@gmail.com,male,22,xyz,abc,123,aa
ajay,123456,uv@gmail.com,male,22,xyz,abc,123,mn,aa
sarath,12346,uvjay@gmail.com,male,22,xyz,abc,123,mn,aa
abas,123456,uvasd@gmail.com,male,22,xyz,cdsv,123,fd,aa
adsf,7654,uvasdsdsd@gmail.com,male,22,xyz,abc,123,mn,aa
dfsdg,6565,uvqwer@gmail.com,male,22,xyz,abc,123,mn,aa
sf,765,uvzxc@gmail.com,male,22,xyz,abc,123,mn,aa
f,43,uvkjhg@gmail.com,male,22,xyz,abc,123,mn,aa
f,123,uvfdg@gmail.com,male,22,xyz,abc,123,mn,aa
dsf,345,uvfdgfd@gmail.com,male,22,xyz,abc,123,aa
ajay,123456,uv@gmail.com,male,22,xyz,abc,123,mn,aa
sarath,12346,uvjay@gmail.com,male,22,xyz,abc,123,mn,aa
abas,123456,uvasd@gmail.com,male,22,xyz,cdsv,123,fd,aa
adsf,7654,uvasdsdsd@gmail.com,male,22,xyz,abc,123,mn,aa
dfsdg,6565,uvqwer@gmail.com,male,22,xyz,abc,123,mn,aa
sf,765,uvzxc@gmail.com,male,22,xyz,abc,123,mn,aa
f,43,uvkjhg@gmail.com,male,22,xyz,abc,123,mn,aa
f,123,uvfdg@gmail.com,male,22,xyz,abc,123,mn,aa
dsf,345,uvfdgfd@gmail.com,male,22,xyz,abc,123,aa
ajay,123456,uv@gmail.com,male,22,xyz,abc,123,mn,aa
sarath,12346,uvjay@gmail.com,male,22,xyz,abc,123,mn,aa
abas,123456,uvasd@gmail.com,male,22,xyz,cdsv,123,fd,aa
adsf,7654,uvasdsdsd@gmail.com,male,22,xyz,abc,123,mn,aa
dfsdg,6565,uvqwer@gmail.com,male,22,xyz,abc,123,mn,aa
sf,765,uvzxc@gmail.com,male,22,xyz,abc,123,mn,aa
f,43,uvkjhg@gmail.com,male,22,xyz,abc,123,mn,aa
f,123,uvfdg@gmail.com,male,22,xyz,abc,123,mn,aa
dsf,345,uvfdgfd@gmail.com,male,22,xyz,abc,123,aa
ajay,123456,uv@gmail.com,male,22,xyz,abc,123,mn,aa
sarath,12346,uvjay@gmail.com,male,22,xyz,abc,123,mn,aa
abas,123456,uvasd@gmail.com,male,22,xyz,cdsv,123,fd,aa
adsf,7654,uvasdsdsd@gmail.com,male,22,xyz,abc,123,mn,aa
dfsdg,6565,uvqwer@gmail.com,male,22,xyz,abc,123,mn,aa
sf,765,uvzxc@gmail.com,male,22,xyz,abc,123,mn,aa
f,43,uvkjhg@gmail.com,male,22,xyz,abc,123,mn,aa
f,123,uvfdg@gmail.com,male,22,xyz,abc,123,mn,aa
dsf,345,uvfdgfd@gmail.com,male,22,xyz,abc,123,aa
ajay,123456,uv@gmail.com,male,22,xyz,abc,123,mn,aa
sarath,12346,uvjay@gmail.com,male,22,xyz,abc,123,mn,aa
abas,123456,uvasd@gmail.com,male,22,xyz,cdsv,123,fd,aa
adsf,7654,uvasdsdsd@gmail.com,male,22,xyz,abc,123,mn,aa
dfsdg,6565,uvqwer@gmail.com,male,22,xyz,abc,123,mn,aa
sf,765,uvzxc@gmail.com,male,22,xyz,abc,123,mn,aa
f,43,uvkjhg@gmail.com,male,22,xyz,abc,123,mn,aa
f,123,uvfdg@gmail.com,male,22,xyz,abc,123,mn,aa
dsf,345,uvfdgfd@gmail.com,male,22,xyz,abc,123,aa
ajay,123456,uv@gmail.com,male,22,xyz,abc,123,mn,aa
sarath,12346,uvjay@gmail.com,male,22,xyz,abc,123,mn,aa
abas,123456,uvasd@gmail.com,male,22,xyz,cdsv,123,fd,aa
adsf,7654,uvasdsdsd@gmail.com,male,22,xyz,abc,123,mn,aa
dfsdg,6565,uvqwer@gmail.com,male,22,xyz,abc,123,mn,aa
sf,765,uvzxc@gmail.com,male,22,xyz,abc,123,mn,aa
f,43,uvkjhg@gmail.com,male,22,xyz,abc,123,mn,aa
f,123,uvfdg@gmail.com,male,22,xyz,abc,123,mn,aa
dsf,345,uvfdgfd@gmail.com,male,22,xyz,abc,123,aa
ajay,123456,uv@gmail.com,male,22,xyz,abc,123,mn,aa
sarath,12346,uvjay@gmail.com,male,22,xyz,abc,123,mn,aa
abas,123456,uvasd@gmail.com,male,22,xyz,cdsv,123,fd,aa
adsf,7654,uvasdsdsd@gmail.com,male,22,xyz,abc,123,mn,aa
dfsdg,6565,uvqwer@gmail.com,male,22,xyz,abc,123,mn,aa
sf,765,uvzxc@gmail.com,male,22,xyz,abc,123,mn,aa
f,43,uvkjhg@gmail.com,male,22,xyz,abc,123,mn,aa
f,123,uvfdg@gmail.com,male,22,xyz,abc,123,mn,aa
dsf,345,uvfdgfd@gmail.com,male,22,xyz,abc,123,aa
ajay,123456,uv@gmail.com,male,22,xyz,abc,123,mn,aa
sarath,12346,uvjay@gmail.com,male,22,xyz,abc,123,mn,aa
abas,123456,uvasd@gmail.com,male,22,xyz,cdsv,123,fd,aa
adsf,7654,uvasdsdsd@gmail.com,male,22,xyz,abc,123,mn,aa
dfsdg,6565,uvqwer@gmail.com,male,22,xyz,abc,123,mn,aa
sf,765,uvzxc@gmail.com,male,22,xyz,abc,123,mn,aa
f,43,uvkjhg@gmail.com,male,22,xyz,abc,123,mn,aa
f,123,uvfdg@gmail.com,male,22,xyz,abc,123,mn,aa
dsf,345,uvfdgfd@gmail.com,male,22,xyz,abc,123,aa
ajay,123456,uv@gmail.com,male,22,xyz,abc,123,mn,aa
sarath,12346,uvjay@gmail.com,male,22,xyz,abc,123,mn,aa
abas,123456,uvasd@gmail.com,male,22,xyz,cdsv,123,fd,aa
adsf,7654,uvasdsdsd@gmail.com,male,22,xyz,abc,123,mn,aa
dfsdg,6565,uvqwer@gmail.com,male,22,xyz,abc,123,mn,aa
sf,765,uvzxc@gmail.com,male,22,xyz,abc,123,mn,aa
f,43,uvkjhg@gmail.com,male,22,xyz,abc,123,mn,aa
f,123,uvfdg@gmail.com,male,22,xyz,abc,123,mn,aa
dsf,345,uvfdgfd@gmail.com,male,22,xyz,abc,123,aa
ajay,123456,uv@gmail.com,male,22,xyz,abc,123,mn,aa
sarath,12346,uvjay@gmail.com,male,22,xyz,abc,123,mn,aa
abas,123456,uvasd@gmail.com,male,22,xyz,cdsv,123,fd,aa
adsf,7654,uvasdsdsd@gmail.com,male,22,xyz,abc,123,mn,aa
dfsdg,6565,uvqwer@gmail.com,male,22,xyz,abc,123,mn,aa
sf,765,uvzxc@gmail.com,male,22,xyz,abc,123,mn,aa
f,43,uvkjhg@gmail.com,male,22,xyz,abc,123,mn,aa
f,123,uvfdg@gmail.com,male,22,xyz,abc,123,mn,aa
dsf,345,uvfdgfd@gmail.com,male,22,xyz,abc,123,aa
ajay,123456,uv@gmail.com,male,22,xyz,abc,123,mn,aa
sarath,12346,uvjay@gmail.com,male,22,xyz,abc,123,mn,aa
abas,123456,uvasd@gmail.com,male,22,xyz,cdsv,123,fd,aa
adsf,7654,uvasdsdsd@gmail.com,male,22,xyz,abc,123,mn,aa
dfsdg,6565,uvqwer@gmail.com,male,22,xyz,abc,123,mn,aa
sf,765,uvzxc@gmail.com,male,22,xyz,abc,123,mn,aa
f,43,uvkjhg@gmail.com,male,22,xyz,abc,123,mn,aa
f,123,uvfdg@gmail.com,male,22,xyz,abc,123,mn,aa
dsf,345,uvfdgfd@gmail.com,male,22,xyz,abc,123,aa
ajay,123456,uv@gmail.com,male,22,xyz,abc,123,mn,aa
sarath,12346,uvjay@gmail.com,male,22,xyz,abc,123,mn,aa
abas,123456,uvasd@gmail.com,male,22,xyz,cdsv,123,fd,aa
adsf,7654,uvasdsdsd@gmail.com,male,22,xyz,abc,123,mn,aa
dfsdg,6565,uvqwer@gmail.com,male,22,xyz,abc,123,mn,aa
sf,765,uvzxc@gmail.com,male,22,xyz,abc,123,mn,aa
f,43,uvkjhg@gmail.com,male,22,xyz,abc,123,mn,aa
f,123,uvfdg@gmail.com,male,22,xyz,abc,123,mn,aa
dsf,345,uvfdgfd@gmail.com,male,22,xyz,abc,123,aa
ajay,123456,uv@gmail.com,male,22,xyz,abc,123,mn,aa
sarath,12346,uvjay@gmail.com,male,22,xyz,abc,123,mn,aa
abas,123456,uvasd@gmail.com,male,22,xyz,cdsv,123,fd,aa
adsf,7654,uvasdsdsd@gmail.com,male,22,xyz,abc,123,mn,aa
dfsdg,6565,uvqwer@gmail.com,male,22,xyz,abc,123,mn,aa
sf,765,uvzxc@gmail.com,male,22,xyz,abc,123,mn,aa
f,43,uvkjhg@gmail.com,male,22,xyz,abc,123,mn,aa
f,123,uvfdg@gmail.com,male,22,xyz,abc,123,mn,aa
dsf,345,uvfdgfd@gmail.com,male,22,xyz,abc,123,aa
ajay,123456,uv@gmail.com,male,22,xyz,abc,123,mn,aa
sarath,12346,uvjay@gmail.com,male,22,xyz,abc,123,mn,aa
abas,123456,uvasd@gmail.com,male,22,xyz,cdsv,123,fd,aa
adsf,7654,uvasdsdsd@gmail.com,male,22,xyz,abc,123,mn,aa
dfsdg,6565,uvqwer@gmail.com,male,22,xyz,abc,123,mn,aa
sf,765,uvzxc@gmail.com,male,22,xyz,abc,123,mn,aa
f,43,uvkjhg@gmail.com,male,22,xyz,abc,123,mn,aa
f,123,uvfdg@gmail.com,male,22,xyz,abc,123,mn,aa
dsf,345,uvfdgfd@gmail.com,male,22,xyz,abc,123,aa
ajay,123456,uv@gmail.com,male,22,xyz,abc,123,mn,aa
sarath,12346,uvjay@gmail.com,male,22,xyz,abc,123,mn,aa
abas,123456,uvasd@gmail.com,male,22,xyz,cdsv,123,fd,aa
adsf,7654,uvasdsdsd@gmail.com,male,22,xyz,abc,123,mn,aa
dfsdg,6565,uvqwer@gmail.com,male,22,xyz,abc,123,mn,aa
sf,765,uvzxc@gmail.com,male,22,xyz,abc,123,mn,aa
f,43,uvkjhg@gmail.com,male,22,xyz,abc,123,mn,aa
f,123,uvfdg@gmail.com,male,22,xyz,abc,123,mn,aa
dsf,345,uvfdgfd@gmail.com,male,22,xyz,abc,123,aa
ajay,123456,uv@gmail.com,male,22,xyz,abc,123,mn,aa
sarath,12346,uvjay@gmail.com,male,22,xyz,abc,123,mn,aa
abas,123456,uvasd@gmail.com,male,22,xyz,cdsv,123,fd,aa
adsf,7654,uvasdsdsd@gmail.com,male,22,xyz,abc,123,mn,aa
dfsdg,6565,uvqwer@gmail.com,male,22,xyz,abc,123,mn,aa
sf,765,uvzxc@gmail.com,male,22,xyz,abc,123,mn,aa
f,43,uvkjhg@gmail.com,male,22,xyz,abc,123,mn,aa
f,123,uvfdg@gmail.com,male,22,xyz,abc,123,mn,aa
dsf,345,uvfdgfd@gmail.com,male,22,xyz,abc,123,aa
ajay,123456,uv@gmail.com,male,22,xyz,abc,123,mn,aa
sarath,12346,uvjay@gmail.com,male,22,xyz,abc,123,mn,aa
abas,123456,uvasd@gmail.com,male,22,xyz,cdsv,123,fd,aa
adsf,7654,uvasdsdsd@gmail.com,male,22,xyz,abc,123,mn,aa
dfsdg,6565,uvqwer@gmail.com,male,22,xyz,abc,123,mn,aa
sf,765,uvzxc@gmail.com,male,22,xyz,abc,123,mn,aa
f,43,uvkjhg@gmail.com,male,22,xyz,abc,123,mn,aa
f,123,uvfdg@gmail.com,male,22,xyz,abc,123,mn,aa
dsf,345,uvfdgfd@gmail.com,male,22,xyz,abc,123,aa
ajay,123456,uv@gmail.com,male,22,xyz,abc,123,mn,aa
sarath,12346,uvjay@gmail.com,male,22,xyz,abc,123,mn,aa
abas,123456,uvasd@gmail.com,male,22,xyz,cdsv,123,fd,aa
adsf,7654,uvasdsdsd@gmail.com,male,22,xyz,abc,123,mn,aa
dfsdg,6565,uvqwer@gmail.com,male,22,xyz,abc,123,mn,aa
sf,765,uvzxc@gmail.com,male,22,xyz,abc,123,mn,aa
f,43,uvkjhg@gmail.com,male,22,xyz,abc,123,mn,aa
f,123,uvfdg@gmail.com,male,22,xyz,abc,123,mn,aa
dsf,345,uvfdgfd@gmail.com,male,22,xyz,abc,123,aa
ajay,123456,uv@gmail.com,male,22,xyz,abc,123,mn,aa
sarath,12346,uvjay@gmail.com,male,22,xyz,abc,123,mn,aa
abas,123456,uvasd@gmail.com,male,22,xyz,cdsv,123,fd,aa
adsf,7654,uvasdsdsd@gmail.com,male,22,xyz,abc,123,mn,aa
dfsdg,6565,uvqwer@gmail.com,male,22,xyz,abc,123,mn,aa
sf,765,uvzxc@gmail.com,male,22,xyz,abc,123,mn,aa
f,43,uvkjhg@gmail.com,male,22,xyz,abc,123,mn,aa
f,123,uvfdg@gmail.com,male,22,xyz,abc,123,mn,aa
dsf,345,uvfdgfd@gmail.com,male,22,xyz,abc,123,aa
ajay,123456,uv@gmail.com,male,22,xyz,abc,123,mn,aa
sarath,12346,uvjay@gmail.com,male,22,xyz,abc,123,mn,aa
abas,123456,uvasd@gmail.com,male,22,xyz,cdsv,123,fd,aa
adsf,7654,uvasdsdsd@gmail.com,male,22,xyz,abc,123,mn,aa
dfsdg,6565,uvqwer@gmail.com,male,22,xyz,abc,123,mn,aa
sf,765,uvzxc@gmail.com,male,22,xyz,abc,123,mn,aa
f,43,uvkjhg@gmail.com,male,22,xyz,abc,123,mn,aa
f,123,uvfdg@gmail.com,male,22,xyz,abc,123,mn,aa
dsf,345,uvfdgfd@gmail.com,male,22,xyz,abc,123,aa
ajay,123456,uv@gmail.com,male,22,xyz,abc,123,mn,aa
sarath,12346,uvjay@gmail.com,male,22,xyz,abc,123,mn,aa
abas,123456,uvasd@gmail.com,male,22,xyz,cdsv,123,fd,aa
adsf,7654,uvasdsdsd@gmail.com,male,22,xyz,abc,123,mn,aa
dfsdg,6565,uvqwer@gmail.com,male,22,xyz,abc,123,mn,aa
sf,765,uvzxc@gmail.com,male,22,xyz,abc,123,mn,aa
f,43,uvkjhg@gmail.com,male,22,xyz,abc,123,mn,aa
f,123,uvfdg@gmail.com,male,22,xyz,abc,123,mn,aa
dsf,345,uvfdgfd@gmail.com,male,22,xyz,abc,123,aa
ajay,123456,uv@gmail.com,male,22,xyz,abc,123,mn,aa
sarath,12346,uvjay@gmail.com,male,22,xyz,abc,123,mn,aa
abas,123456,uvasd@gmail.com,male,22,xyz,cdsv,123,fd,aa
adsf,7654,uvasdsdsd@gmail.com,male,22,xyz,abc,123,mn,aa
dfsdg,6565,uvqwer@gmail.com,male,22,xyz,abc,123,mn,aa
sf,765,uvzxc@gmail.com,male,22,xyz,abc,123,mn,aa
f,43,uvkjhg@gmail.com,male,22,xyz,abc,123,mn,aa
f,123,uvfdg@gmail.com,male,22,xyz,abc,123,mn,aa
dsf,345,uvfdgfd@gmail.com,male,22,xyz,abc,123,aa
ajay,123456,uv@gmail.com,male,22,xyz,abc,123,mn,aa
sarath,12346,uvjay@gmail.com,male,22,xyz,abc,123,mn,aa
abas,123456,uvasd@gmail.com,male,22,xyz,cdsv,123,fd,aa
adsf,7654,uvasdsdsd@gmail.com,male,22,xyz,abc,123,mn,aa
dfsdg,6565,uvqwer@gmail.com,male,22,xyz,abc,123,mn,aa
sf,765,uvzxc@gmail.com,male,22,xyz,abc,123,mn,aa
f,43,uvkjhg@gmail.com,male,22,xyz,abc,123,mn,aa
f,123,uvfdg@gmail.com,male,22,xyz,abc,123,mn,aa
dsf,345,uvfdgfd@gmail.com,male,22,xyz,abc,123,aa
ajay,123456,uv@gmail.com,male,22,xyz,abc,123,mn,aa
sarath,12346,uvjay@gmail.com,male,22,xyz,abc,123,mn,aa
abas,123456,uvasd@gmail.com,male,22,xyz,cdsv,123,fd,aa
adsf,7654,uvasdsdsd@gmail.com,male,22,xyz,abc,123,mn,aa
dfsdg,6565,uvqwer@gmail.com,male,22,xyz,abc,123,mn,aa
sf,765,uvzxc@gmail.com,male,22,xyz,abc,123,mn,aa
f,43,uvkjhg@gmail.com,male,22,xyz,abc,123,mn,aa
f,123,uvfdg@gmail.com,male,22,xyz,abc,123,mn,aa
dsf,345,uvfdgfd@gmail.com,male,22,xyz,abc,123,aa
ajay,123456,uv@gmail.com,male,22,xyz,abc,123,mn,aa
sarath,12346,uvjay@gmail.com,male,22,xyz,abc,123,mn,aa
abas,123456,uvasd@gmail.com,male,22,xyz,cdsv,123,fd,aa
adsf,7654,uvasdsdsd@gmail.com,male,22,xyz,abc,123,mn,aa
dfsdg,6565,uvqwer@gmail.com,male,22,xyz,abc,123,mn,aa
sf,765,uvzxc@gmail.com,male,22,xyz,abc,123,mn,aa
f,43,uvkjhg@gmail.com,male,22,xyz,abc,123,mn,aa
f,123,uvfdg@gmail.com,male,22,xyz,abc,123,mn,aa
dsf,345,uvfdgfd@gmail.com,male,22,xyz,abc,123,aa
ajay,123456,uv@gmail.com,male,22,xyz,abc,123,mn,aa
sarath,12346,uvjay@gmail.com,male,22,xyz,abc,123,mn,aa
abas,123456,uvasd@gmail.com,male,22,xyz,cdsv,123,fd,aa
adsf,7654,uvasdsdsd@gmail.com,male,22,xyz,abc,123,mn,aa
dfsdg,6565,uvqwer@gmail.com,male,22,xyz,abc,123,mn,aa
sf,765,uvzxc@gmail.com,male,22,xyz,abc,123,mn,aa
f,43,uvkjhg@gmail.com,male,22,xyz,abc,123,mn,aa
f,123,uvfdg@gmail.com,male,22,xyz,abc,123,mn,aa
dsf,345,uvfdgfd@gmail.com,male,22,xyz,abc,123,aa
ajay,123456,uv@gmail.com,male,22,xyz,abc,123,mn,aa
sarath,12346,uvjay@gmail.com,male,22,xyz,abc,123,mn,aa
abas,123456,uvasd@gmail.com,male,22,xyz,cdsv,123,fd,aa
adsf,7654,uvasdsdsd@gmail.com,male,22,xyz,abc,123,mn,aa
dfsdg,6565,uvqwer@gmail.com,male,22,xyz,abc,123,mn,aa
sf,765,uvzxc@gmail.com,male,22,xyz,abc,123,mn,aa
f,43,uvkjhg@gmail.com,male,22,xyz,abc,123,mn,aa
f,123,uvfdg@gmail.com,male,22,xyz,abc,123,mn,aa
dsf,345,uvfdgfd@gmail.com,male,22,xyz,abc,123,aa
ajay,123456,uv@gmail.com,male,22,xyz,abc,123,mn,aa
sarath,12346,uvjay@gmail.com,male,22,xyz,abc,123,mn,aa
abas,123456,uvasd@gmail.com,male,22,xyz,cdsv,123,fd,aa
adsf,7654,uvasdsdsd@gmail.com,male,22,xyz,abc,123,mn,aa
dfsdg,6565,uvqwer@gmail.com,male,22,xyz,abc,123,mn,aa
sf,765,uvzxc@gmail.com,male,22,xyz,abc,123,mn,aa
f,43,uvkjhg@gmail.com,male,22,xyz,abc,123,mn,aa
f,123,uvfdg@gmail.com,male,22,xyz,abc,123,mn,aa
dsf,345,uvfdgfd@gmail.com,male,22,xyz,abc,123,aa
ajay,123456,uv@gmail.com,male,22,xyz,abc,123,mn,aa
sarath,12346,uvjay@gmail.com,male,22,xyz,abc,123,mn,aa
abas,123456,uvasd@gmail.com,male,22,xyz,cdsv,123,fd,aa
adsf,7654,uvasdsdsd@gmail.com,male,22,xyz,abc,123,mn,aa
dfsdg,6565,uvqwer@gmail.com,male,22,xyz,abc,123,mn,aa
sf,765,uvzxc@gmail.com,male,22,xyz,abc,123,mn,aa
f,43,uvkjhg@gmail.com,male,22,xyz,abc,123,mn,aa
f,123,uvfdg@gmail.com,male,22,xyz,abc,123,mn,aa
dsf,345,uvfdgfd@gmail.com,male,22,xyz,abc,123,aa
ajay,123456,uv@gmail.com,male,22,xyz,abc,123,mn,aa
sarath,12346,uvjay@gmail.com,male,22,xyz,abc,123,mn,aa
abas,123456,uvasd@gmail.com,male,22,xyz,cdsv,123,fd,aa
adsf,7654,uvasdsdsd@gmail.com,male,22,xyz,abc,123,mn,aa
dfsdg,6565,uvqwer@gmail.com,male,22,xyz,abc,123,mn,aa
sf,765,uvzxc@gmail.com,male,22,xyz,abc,123,mn,aa
f,43,uvkjhg@gmail.com,male,22,xyz,abc,123,mn,aa
f,123,uvfdg@gmail.com,male,22,xyz,abc,123,mn,aa
dsf,345,uvfdgfd@gmail.com,male,22,xyz,abc,123,aa
ajay,123456,uv@gmail.com,male,22,xyz,abc,123,mn,aa
sarath,12346,uvjay@gmail.com,male,22,xyz,abc,123,mn,aa
abas,123456,uvasd@gmail.com,male,22,xyz,cdsv,123,fd,aa
adsf,7654,uvasdsdsd@gmail.com,male,22,xyz,abc,123,mn,aa
dfsdg,6565,uvqwer@gmail.com,male,22,xyz,abc,123,mn,aa
sf,765,uvzxc@gmail.com,male,22,xyz,abc,123,mn,aa
f,43,uvkjhg@gmail.com,male,22,xyz,abc,123,mn,aa
f,123,uvfdg@gmail.com,male,22,xyz,abc,123,mn,aa
dsf,345,uvfdgfd@gmail.com,male,22,xyz,abc,123,aa
ajay,123456,uv@gmail.com,male,22,xyz,abc,123,mn,aa
sarath,12346,uvjay@gmail.com,male,22,xyz,abc,123,mn,aa
abas,123456,uvasd@gmail.com,male,22,xyz,cdsv,123,fd,aa
adsf,7654,uvasdsdsd@gmail.com,male,22,xyz,abc,123,mn,aa
dfsdg,6565,uvqwer@gmail.com,male,22,xyz,abc,123,mn,aa
sf,765,uvzxc@gmail.com,male,22,xyz,abc,123,mn,aa
f,43,uvkjhg@gmail.com,male,22,xyz,abc,123,mn,aa
f,123,uvfdg@gmail.com,male,22,xyz,abc,123,mn,aa
dsf,345,uvfdgfd@gmail.com,male,22,xyz,abc,123,aa
ajay,123456,uv@gmail.com,male,22,xyz,abc,123,mn,aa
sarath,12346,uvjay@gmail.com,male,22,xyz,abc,123,mn,aa
abas,123456,uvasd@gmail.com,male,22,xyz,cdsv,123,fd,aa
adsf,7654,uvasdsdsd@gmail.com,male,22,xyz,abc,123,mn,aa
dfsdg,6565,uvqwer@gmail.com,male,22,xyz,abc,123,mn,aa
sf,765,uvzxc@gmail.com,male,22,xyz,abc,123,mn,aa
f,43,uvkjhg@gmail.com,male,22,xyz,abc,123,mn,aa
f,123,uvfdg@gmail.com,male,22,xyz,abc,123,mn,aa
dsf,345,uvfdgfd@gmail.com,male,22,xyz,abc,123,aa
ajay,123456,uv@gmail.com,male,22,xyz,abc,123,mn,aa
sarath,12346,uvjay@gmail.com,male,22,xyz,abc,123,mn,aa
abas,123456,uvasd@gmail.com,male,22,xyz,cdsv,123,fd,aa
adsf,7654,uvasdsdsd@gmail.com,male,22,xyz,abc,123,mn,aa
dfsdg,6565,uvqwer@gmail.com,male,22,xyz,abc,123,mn,aa
sf,765,uvzxc@gmail.com,male,22,xyz,abc,123,mn,aa
f,43,uvkjhg@gmail.com,male,22,xyz,abc,123,mn,aa
f,123,uvfdg@gmail.com,male,22,xyz,abc,123,mn,aa
dsf,345,uvfdgfd@gmail.com,male,22,xyz,abc,123,aa
ajay,123456,uv@gmail.com,male,22,xyz,abc,123,mn,aa
sarath,12346,uvjay@gmail.com,male,22,xyz,abc,123,mn,aa
abas,123456,uvasd@gmail.com,male,22,xyz,cdsv,123,fd,aa
adsf,7654,uvasdsdsd@gmail.com,male,22,xyz,abc,123,mn,aa
dfsdg,6565,uvqwer@gmail.com,male,22,xyz,abc,123,mn,aa
sf,765,uvzxc@gmail.com,male,22,xyz,abc,123,mn,aa
f,43,uvkjhg@gmail.com,male,22,xyz,abc,123,mn,aa
f,123,uvfdg@gmail.com,male,22,xyz,abc,123,mn,aa
dsf,345,uvfdgfd@gmail.com,male,22,xyz,abc,123,aa
ajay,123456,uv@gmail.com,male,22,xyz,abc,123,mn,aa
sarath,12346,uvjay@gmail.com,male,22,xyz,abc,123,mn,aa
abas,123456,uvasd@gmail.com,male,22,xyz,cdsv,123,fd,aa
adsf,7654,uvasdsdsd@gmail.com,male,22,xyz,abc,123,mn,aa
dfsdg,6565,uvqwer@gmail.com,male,22,xyz,abc,123,mn,aa
sf,765,uvzxc@gmail.com,male,22,xyz,abc,123,mn,aa
f,43,uvkjhg@gmail.com,male,22,xyz,abc,123,mn,aa
f,123,uvfdg@gmail.com,male,22,xyz,abc,123,mn,aa
dsf,345,uvfdgfd@gmail.com,male,22,xyz,abc,123,aa
ajay,123456,uv@gmail.com,male,22,xyz,abc,123,mn,aa
sarath,12346,uvjay@gmail.com,male,22,xyz,abc,123,mn,aa
abas,123456,uvasd@gmail.com,male,22,xyz,cdsv,123,fd,aa
adsf,7654,uvasdsdsd@gmail.com,male,22,xyz,abc,123,mn,aa
dfsdg,6565,uvqwer@gmail.com,male,22,xyz,abc,123,mn,aa
sf,765,uvzxc@gmail.com,male,22,xyz,abc,123,mn,aa
f,43,uvkjhg@gmail.com,male,22,xyz,abc,123,mn,aa
f,123,uvfdg@gmail.com,male,22,xyz,abc,123,mn,aa
dsf,345,uvfdgfd@gmail.com,male,22,xyz,abc,123,aa
ajay,123456,uv@gmail.com,male,22,xyz,abc,123,mn,aa
sarath,12346,uvjay@gmail.com,male,22,xyz,abc,123,mn,aa
abas,123456,uvasd@gmail.com,male,22,xyz,cdsv,123,fd,aa
adsf,7654,uvasdsdsd@gmail.com,male,22,xyz,abc,123,mn,aa
dfsdg,6565,uvqwer@gmail.com,male,22,xyz,abc,123,mn,aa
sf,765,uvzxc@gmail.com,male,22,xyz,abc,123,mn,aa
f,43,uvkjhg@gmail.com,male,22,xyz,abc,123,mn,aa
f,123,uvfdg@gmail.com,male,22,xyz,abc,123,mn,aa
dsf,345,uvfdgfd@gmail.com,male,22,xyz,abc,123,aa
ajay,123456,uv@gmail.com,male,22,xyz,abc,123,mn,aa
sarath,12346,uvjay@gmail.com,male,22,xyz,abc,123,mn,aa
abas,123456,uvasd@gmail.com,male,22,xyz,cdsv,123,fd,aa
adsf,7654,uvasdsdsd@gmail.com,male,22,xyz,abc,123,mn,aa
dfsdg,6565,uvqwer@gmail.com,male,22,xyz,abc,123,mn,aa
sf,765,uvzxc@gmail.com,male,22,xyz,abc,123,mn,aa
f,43,uvkjhg@gmail.com,male,22,xyz,abc,123,mn,aa
f,123,uvfdg@gmail.com,male,22,xyz,abc,123,mn,aa
dsf,345,uvfdgfd@gmail.com,male,22,xyz,abc,123,aa
ajay,123456,uv@gmail.com,male,22,xyz,abc,123,mn,aa
sarath,12346,uvjay@gmail.com,male,22,xyz,abc,123,mn,aa
abas,123456,uvasd@gmail.com,male,22,xyz,cdsv,123,fd,aa
adsf,7654,uvasdsdsd@gmail.com,male,22,xyz,abc,123,mn,aa
dfsdg,6565,uvqwer@gmail.com,male,22,xyz,abc,123,mn,aa
sf,765,uvzxc@gmail.com,male,22,xyz,abc,123,mn,aa
f,43,uvkjhg@gmail.com,male,22,xyz,abc,123,mn,aa
f,123,uvfdg@gmail.com,male,22,xyz,abc,123,mn,aa
dsf,345,uvfdgfd@gmail.com,male,22,xyz,abc,123,aa
ajay,123456,uv@gmail.com,male,22,xyz,abc,123,mn,aa
sarath,12346,uvjay@gmail.com,male,22,xyz,abc,123,mn,aa
abas,123456,uvasd@gmail.com,male,22,xyz,cdsv,123,fd,aa
adsf,7654,uvasdsdsd@gmail.com,male,22,xyz,abc,123,mn,aa
dfsdg,6565,uvqwer@gmail.com,male,22,xyz,abc,123,mn,aa
sf,765,uvzxc@gmail.com,male,22,xyz,abc,123,mn,aa
f,43,uvkjhg@gmail.com,male,22,xyz,abc,123,mn,aa
f,123,uvfdg@gmail.com,male,22,xyz,abc,123,mn,aa
dsf,345,uvfdgfd@gmail.com,male,22,xyz,abc,123,aa
ajay,123456,uv@gmail.com,male,22,xyz,abc,123,mn,aa
sarath,12346,uvjay@gmail.com,male,22,xyz,abc,123,mn,aa
abas,123456,uvasd@gmail.com,male,22,xyz,cdsv,123,fd,aa
adsf,7654,uvasdsdsd@gmail.com,male,22,xyz,abc,123,mn,aa
dfsdg,6565,uvqwer@gmail.com,male,22,xyz,abc,123,mn,aa
sf,765,uvzxc@gmail.com,male,22,xyz,abc,123,mn,aa
f,43,uvkjhg@gmail.com,male,22,xyz,abc,123,mn,aa
f,123,uvfdg@gmail.com,male,22,xyz,abc,123,mn,aa
dsf,345,uvfdgfd@gmail.com,male,22,xyz,abc,123,aa
ajay,123456,uv@gmail.com,male,22,xyz,abc,123,mn,aa
sarath,12346,uvjay@gmail.com,male,22,xyz,abc,123,mn,aa
abas,123456,uvasd@gmail.com,male,22,xyz,cdsv,123,fd,aa
adsf,7654,uvasdsdsd@gmail.com,male,22,xyz,abc,123,mn,aa
dfsdg,6565,uvqwer@gmail.com,male,22,xyz,abc,123,mn,aa
sf,765,uvzxc@gmail.com,male,22,xyz,abc,123,mn,aa
f,43,uvkjhg@gmail.com,male,22,xyz,abc,123,mn,aa
f,123,uvfdg@gmail.com,male,22,xyz,abc,123,mn,aa
dsf,345,uvfdgfd@gmail.com,male,22,xyz,abc,123,aa
ajay,123456,uv@gmail.com,male,22,xyz,abc,123,mn,aa
sarath,12346,uvjay@gmail.com,male,22,xyz,abc,123,mn,aa
abas,123456,uvasd@gmail.com,male,22,xyz,cdsv,123,fd,aa
adsf,7654,uvasdsdsd@gmail.com,male,22,xyz,abc,123,mn,aa
dfsdg,6565,uvqwer@gmail.com,male,22,xyz,abc,123,mn,aa
sf,765,uvzxc@gmail.com,male,22,xyz,abc,123,mn,aa
f,43,uvkjhg@gmail.com,male,22,xyz,abc,123,mn,aa
f,123,uvfdg@gmail.com,male,22,xyz,abc,123,mn,aa
dsf,345,uvfdgfd@gmail.com,male,22,xyz,abc,123,aa
ajay,123456,uv@gmail.com,male,22,xyz,abc,123,mn,aa
sarath,12346,uvjay@gmail.com,male,22,xyz,abc,123,mn,aa
abas,123456,uvasd@gmail.com,male,22,xyz,cdsv,123,fd,aa
adsf,7654,uvasdsdsd@gmail.com,male,22,xyz,abc,123,mn,aa
dfsdg,6565,uvqwer@gmail.com,male,22,xyz,abc,123,mn,aa
sf,765,uvzxc@gmail.com,male,22,xyz,abc,123,mn,aa
f,43,uvkjhg@gmail.com,male,22,xyz,abc,123,mn,aa
f,123,uvfdg@gmail.com,male,22,xyz,abc,123,mn,aa
dsf,345,uvfdgfd@gmail.com,male,22,xyz,abc,123,aa
ajay,123456,uv@gmail.com,male,22,xyz,abc,123,mn,aa
sarath,12346,uvjay@gmail.com,male,22,xyz,abc,123,mn,aa
abas,123456,uvasd@gmail.com,male,22,xyz,cdsv,123,fd,aa
adsf,7654,uvasdsdsd@gmail.com,male,22,xyz,abc,123,mn,aa
dfsdg,6565,uvqwer@gmail.com,male,22,xyz,abc,123,mn,aa
sf,765,uvzxc@gmail.com,male,22,xyz,abc,123,mn,aa
f,43,uvkjhg@gmail.com,male,22,xyz,abc,123,mn,aa
f,123,uvfdg@gmail.com,male,22,xyz,abc,123,mn,aa
dsf,345,uvfdgfd@gmail.com,male,22,xyz,abc,123,aa
ajay,123456,uv@gmail.com,male,22,xyz,abc,123,mn,aa
sarath,12346,uvjay@gmail.com,male,22,xyz,abc,123,mn,aa
abas,123456,uvasd@gmail.com,male,22,xyz,cdsv,123,fd,aa
adsf,7654,uvasdsdsd@gmail.com,male,22,xyz,abc,123,mn,aa
dfsdg,6565,uvqwer@gmail.com,male,22,xyz,abc,123,mn,aa
sf,765,uvzxc@gmail.com,male,22,xyz,abc,123,mn,aa
f,43,uvkjhg@gmail.com,male,22,xyz,abc,123,mn,aa
f,123,uvfdg@gmail.com,male,22,xyz,abc,123,mn,aa
dsf,345,uvfdgfd@gmail.com,male,22,xyz,abc,123,aa
ajay,123456,uv@gmail.com,male,22,xyz,abc,123,mn,aa
sarath,12346,uvjay@gmail.com,male,22,xyz,abc,123,mn,aa
abas,123456,uvasd@gmail.com,male,22,xyz,cdsv,123,fd,aa
adsf,7654,uvasdsdsd@gmail.com,male,22,xyz,abc,123,mn,aa
dfsdg,6565,uvqwer@gmail.com,male,22,xyz,abc,123,mn,aa
sf,765,uvzxc@gmail.com,male,22,xyz,abc,123,mn,aa
f,43,uvkjhg@gmail.com,male,22,xyz,abc,123,mn,aa
f,123,uvfdg@gmail.com,male,22,xyz,abc,123,mn,aa
dsf,345,uvfdgfd@gmail.com,male,22,xyz,abc,123,aa
ajay,123456,uv@gmail.com,male,22,xyz,abc,123,mn,aa
sarath,12346,uvjay@gmail.com,male,22,xyz,abc,123,mn,aa
abas,123456,uvasd@gmail.com,male,22,xyz,cdsv,123,fd,aa
adsf,7654,uvasdsdsd@gmail.com,male,22,xyz,abc,123,mn,aa
dfsdg,6565,uvqwer@gmail.com,male,22,xyz,abc,123,mn,aa
sf,765,uvzxc@gmail.com,male,22,xyz,abc,123,mn,aa
f,43,uvkjhg@gmail.com,male,22,xyz,abc,123,mn,aa
f,123,uvfdg@gmail.com,male,22,xyz,abc,123,mn,aa
dsf,345,uvfdgfd@gmail.com,male,22,xyz,abc,123,aa
ajay,123456,uv@gmail.com,male,22,xyz,abc,123,mn,aa
sarath,12346,uvjay@gmail.com,male,22,xyz,abc,123,mn,aa
abas,123456,uvasd@gmail.com,male,22,xyz,cdsv,123,fd,aa
adsf,7654,uvasdsdsd@gmail.com,male,22,xyz,abc,123,mn,aa
dfsdg,6565,uvqwer@gmail.com,male,22,xyz,abc,123,mn,aa
sf,765,uvzxc@gmail.com,male,22,xyz,abc,123,mn,aa
f,43,uvkjhg@gmail.com,male,22,xyz,abc,123,mn,aa
f,123,uvfdg@gmail.com,male,22,xyz,abc,123,mn,aa
dsf,345,uvfdgfd@gmail.com,male,22,xyz,abc,123,aa
ajay,123456,uv@gmail.com,male,22,xyz,abc,123,mn,aa
sarath,12346,uvjay@gmail.com,male,22,xyz,abc,123,mn,aa
abas,123456,uvasd@gmail.com,male,22,xyz,cdsv,123,fd,aa
adsf,7654,uvasdsdsd@gmail.com,male,22,xyz,abc,123,mn,aa
dfsdg,6565,uvqwer@gmail.com,male,22,xyz,abc,123,mn,aa
sf,765,uvzxc@gmail.com,male,22,xyz,abc,123,mn,aa
f,43,uvkjhg@gmail.com,male,22,xyz,abc,123,mn,aa
f,123,uvfdg@gmail.com,male,22,xyz,abc,123,mn,aa
dsf,345,uvfdgfd@gmail.com,male,22,xyz,abc,123,aa
ajay,123456,uv@gmail.com,male,22,xyz,abc,123,mn,aa
sarath,12346,uvjay@gmail.com,male,22,xyz,abc,123,mn,aa
abas,123456,uvasd@gmail.com,male,22,xyz,cdsv,123,fd,aa
adsf,7654,uvasdsdsd@gmail.com,male,22,xyz,abc,123,mn,aa
dfsdg,6565,uvqwer@gmail.com,male,22,xyz,abc,123,mn,aa
sf,765,uvzxc@gmail.com,male,22,xyz,abc,123,mn,aa
f,43,uvkjhg@gmail.com,male,22,xyz,abc,123,mn,aa
f,123,uvfdg@gmail.com,male,22,xyz,abc,123,mn,aa
dsf,345,uvfdgfd@gmail.com,male,22,xyz,abc,123,aa
ajay,123456,uv@gmail.com,male,22,xyz,abc,123,mn,aa
sarath,12346,uvjay@gmail.com,male,22,xyz,abc,123,mn,aa
abas,123456,uvasd@gmail.com,male,22,xyz,cdsv,123,fd,aa
adsf,7654,uvasdsdsd@gmail.com,male,22,xyz,abc,123,mn,aa
dfsdg,6565,uvqwer@gmail.com,male,22,xyz,abc,123,mn,aa
sf,765,uvzxc@gmail.com,male,22,xyz,abc,123,mn,aa
f,43,uvkjhg@gmail.com,male,22,xyz,abc,123,mn,aa
f,123,uvfdg@gmail.com,male,22,xyz,abc,123,mn,aa
dsf,345,uvfdgfd@gmail.com,male,22,xyz,abc,123,aa
ajay,123456,uv@gmail.com,male,22,xyz,abc,123,mn,aa
sarath,12346,uvjay@gmail.com,male,22,xyz,abc,123,mn,aa
abas,123456,uvasd@gmail.com,male,22,xyz,cdsv,123,fd,aa
adsf,7654,uvasdsdsd@gmail.com,male,22,xyz,abc,123,mn,aa
dfsdg,6565,uvqwer@gmail.com,male,22,xyz,abc,123,mn,aa
sf,765,uvzxc@gmail.com,male,22,xyz,abc,123,mn,aa
f,43,uvkjhg@gmail.com,male,22,xyz,abc,123,mn,aa
f,123,uvfdg@gmail.com,male,22,xyz,abc,123,mn,aa
dsf,345,uvfdgfd@gmail.com,male,22,xyz,abc,123,aa
ajay,123456,uv@gmail.com,male,22,xyz,abc,123,mn,aa
sarath,12346,uvjay@gmail.com,male,22,xyz,abc,123,mn,aa
abas,123456,uvasd@gmail.com,male,22,xyz,cdsv,123,fd,aa
adsf,7654,uvasdsdsd@gmail.com,male,22,xyz,abc,123,mn,aa
dfsdg,6565,uvqwer@gmail.com,male,22,xyz,abc,123,mn,aa
sf,765,uvzxc@gmail.com,male,22,xyz,abc,123,mn,aa
f,43,uvkjhg@gmail.com,male,22,xyz,abc,123,mn,aa
f,123,uvfdg@gmail.com,male,22,xyz,abc,123,mn,aa
dsf,345,uvfdgfd@gmail.com,male,22,xyz,abc,123,aa
ajay,123456,uv@gmail.com,male,22,xyz,abc,123,mn,aa
sarath,12346,uvjay@gmail.com,male,22,xyz,abc,123,mn,aa
abas,123456,uvasd@gmail.com,male,22,xyz,cdsv,123,fd,aa
adsf,7654,uvasdsdsd@gmail.com,male,22,xyz,abc,123,mn,aa
dfsdg,6565,uvqwer@gmail.com,male,22,xyz,abc,123,mn,aa
sf,765,uvzxc@gmail.com,male,22,xyz,abc,123,mn,aa
f,43,uvkjhg@gmail.com,male,22,xyz,abc,123,mn,aa
f,123,uvfdg@gmail.com,male,22,xyz,abc,123,mn,aa
dsf,345,uvfdgfd@gmail.com,male,22,xyz,abc,123,aa
ajay,123456,uv@gmail.com,male,22,xyz,abc,123,mn,aa
sarath,12346,uvjay@gmail.com,male,22,xyz,abc,123,mn,aa
abas,123456,uvasd@gmail.com,male,22,xyz,cdsv,123,fd,aa
adsf,7654,uvasdsdsd@gmail.com,male,22,xyz,abc,123,mn,aa
dfsdg,6565,uvqwer@gmail.com,male,22,xyz,abc,123,mn,aa
sf,765,uvzxc@gmail.com,male,22,xyz,abc,123,mn,aa
f,43,uvkjhg@gmail.com,male,22,xyz,abc,123,mn,aa
f,123,uvfdg@gmail.com,male,22,xyz,abc,123,mn,aa
dsf,345,uvfdgfd@gmail.com,male,22,xyz,abc,123,aa
ajay,123456,uv@gmail.com,male,22,xyz,abc,123,mn,aa
sarath,12346,uvjay@gmail.com,male,22,xyz,abc,123,mn,aa
abas,123456,uvasd@gmail.com,male,22,xyz,cdsv,123,fd,aa
adsf,7654,uvasdsdsd@gmail.com,male,22,xyz,abc,123,mn,aa
dfsdg,6565,uvqwer@gmail.com,male,22,xyz,abc,123,mn,aa
sf,765,uvzxc@gmail.com,male,22,xyz,abc,123,mn,aa
f,43,uvkjhg@gmail.com,male,22,xyz,abc,123,mn,aa
f,123,uvfdg@gmail.com,male,22,xyz,abc,123,mn,aa
dsf,345,uvfdgfd@gmail.com,male,22,xyz,abc,123,aa
ajay,123456,uv@gmail.com,male,22,xyz,abc,123,mn,aa
sarath,12346,uvjay@gmail.com,male,22,xyz,abc,123,mn,aa
abas,123456,uvasd@gmail.com,male,22,xyz,cdsv,123,fd,aa
adsf,7654,uvasdsdsd@gmail.com,male,22,xyz,abc,123,mn,aa
dfsdg,6565,uvqwer@gmail.com,male,22,xyz,abc,123,mn,aa
sf,765,uvzxc@gmail.com,male,22,xyz,abc,123,mn,aa
f,43,uvkjhg@gmail.com,male,22,xyz,abc,123,mn,aa
f,123,uvfdg@gmail.com,male,22,xyz,abc,123,mn,aa
dsf,345,uvfdgfd@gmail.com,male,22,xyz,abc,123,aa
ajay,123456,uv@gmail.com,male,22,xyz,abc,123,mn,aa
sarath,12346,uvjay@gmail.com,male,22,xyz,abc,123,mn,aa
abas,123456,uvasd@gmail.com,male,22,xyz,cdsv,123,fd,aa
adsf,7654,uvasdsdsd@gmail.com,male,22,xyz,abc,123,mn,aa
dfsdg,6565,uvqwer@gmail.com,male,22,xyz,abc,123,mn,aa
sf,765,uvzxc@gmail.com,male,22,xyz,abc,123,mn,aa
f,43,uvkjhg@gmail.com,male,22,xyz,abc,123,mn,aa
f,123,uvfdg@gmail.com,male,22,xyz,abc,123,mn,aa
dsf,345,uvfdgfd@gmail.com,male,22,xyz,abc,123,aa
ajay,123456,uv@gmail.com,male,22,xyz,abc,123,mn,aa
sarath,12346,uvjay@gmail.com,male,22,xyz,abc,123,mn,aa
abas,123456,uvasd@gmail.com,male,22,xyz,cdsv,123,fd,aa
adsf,7654,uvasdsdsd@gmail.com,male,22,xyz,abc,123,mn,aa
dfsdg,6565,uvqwer@gmail.com,male,22,xyz,abc,123,mn,aa
sf,765,uvzxc@gmail.com,male,22,xyz,abc,123,mn,aa
f,43,uvkjhg@gmail.com,male,22,xyz,abc,123,mn,aa
f,123,uvfdg@gmail.com,male,22,xyz,abc,123,mn,aa
dsf,345,uvfdgfd@gmail.com,male,22,xyz,abc,123,aa
ajay,123456,uv@gmail.com,male,22,xyz,abc,123,mn,aa
sarath,12346,uvjay@gmail.com,male,22,xyz,abc,123,mn,aa
abas,123456,uvasd@gmail.com,male,22,xyz,cdsv,123,fd,aa
adsf,7654,uvasdsdsd@gmail.com,male,22,xyz,abc,123,mn,aa
dfsdg,6565,uvqwer@gmail.com,male,22,xyz,abc,123,mn,aa
sf,765,uvzxc@gmail.com,male,22,xyz,abc,123,mn,aa
f,43,uvkjhg@gmail.com,male,22,xyz,abc,123,mn,aa
f,123,uvfdg@gmail.com,male,22,xyz,abc,123,mn,aa
dsf,345,uvfdgfd@gmail.com,male,22,xyz,abc,123,aa
ajay,123456,uv@gmail.com,male,22,xyz,abc,123,mn,aa
sarath,12346,uvjay@gmail.com,male,22,xyz,abc,123,mn,aa
abas,123456,uvasd@gmail.com,male,22,xyz,cdsv,123,fd,aa
adsf,7654,uvasdsdsd@gmail.com,male,22,xyz,abc,123,mn,aa
dfsdg,6565,uvqwer@gmail.com,male,22,xyz,abc,123,mn,aa
sf,765,uvzxc@gmail.com,male,22,xyz,abc,123,mn,aa
f,43,uvkjhg@gmail.com,male,22,xyz,abc,123,mn,aa
f,123,uvfdg@gmail.com,male,22,xyz,abc,123,mn,aa
dsf,345,uvfdgfd@gmail.com,male,22,xyz,abc,123,aa
ajay,123456,uv@gmail.com,male,22,xyz,abc,123,mn,aa
sarath,12346,uvjay@gmail.com,male,22,xyz,abc,123,mn,aa
abas,123456,uvasd@gmail.com,male,22,xyz,cdsv,123,fd,aa
adsf,7654,uvasdsdsd@gmail.com,male,22,xyz,abc,123,mn,aa
dfsdg,6565,uvqwer@gmail.com,male,22,xyz,abc,123,mn,aa
sf,765,uvzxc@gmail.com,male,22,xyz,abc,123,mn,aa
f,43,uvkjhg@gmail.com,male,22,xyz,abc,123,mn,aa
f,123,uvfdg@gmail.com,male,22,xyz,abc,123,mn,aa
dsf,345,uvfdgfd@gmail.com,male,22,xyz,abc,123,aa
ajay,123456,uv@gmail.com,male,22,xyz,abc,123,mn,aa
sarath,12346,uvjay@gmail.com,male,22,xyz,abc,123,mn,aa
abas,123456,uvasd@gmail.com,male,22,xyz,cdsv,123,fd,aa
adsf,7654,uvasdsdsd@gmail.com,male,22,xyz,abc,123,mn,aa
dfsdg,6565,uvqwer@gmail.com,male,22,xyz,abc,123,mn,aa
sf,765,uvzxc@gmail.com,male,22,xyz,abc,123,mn,aa
f,43,uvkjhg@gmail.com,male,22,xyz,abc,123,mn,aa
f,123,uvfdg@gmail.com,male,22,xyz,abc,123,mn,aa
dsf,345,uvfdgfd@gmail.com,male,22,xyz,abc,123,aa
ajay,123456,uv@gmail.com,male,22,xyz,abc,123,mn,aa
sarath,12346,uvjay@gmail.com,male,22,xyz,abc,123,mn,aa
abas,123456,uvasd@gmail.com,male,22,xyz,cdsv,123,fd,aa
adsf,7654,uvasdsdsd@gmail.com,male,22,xyz,abc,123,mn,aa
dfsdg,6565,uvqwer@gmail.com,male,22,xyz,abc,123,mn,aa
sf,765,uvzxc@gmail.com,male,22,xyz,abc,123,mn,aa
f,43,uvkjhg@gmail.com,male,22,xyz,abc,123,mn,aa
f,123,uvfdg@gmail.com,male,22,xyz,abc,123,mn,aa
dsf,345,uvfdgfd@gmail.com,male,22,xyz,abc,123,aa
ajay,123456,uv@gmail.com,male,22,xyz,abc,123,mn,aa
sarath,12346,uvjay@gmail.com,male,22,xyz,abc,123,mn,aa
abas,123456,uvasd@gmail.com,male,22,xyz,cdsv,123,fd,aa
adsf,7654,uvasdsdsd@gmail.com,male,22,xyz,abc,123,mn,aa
dfsdg,6565,uvqwer@gmail.com,male,22,xyz,abc,123,mn,aa
sf,765,uvzxc@gmail.com,male,22,xyz,abc,123,mn,aa
f,43,uvkjhg@gmail.com,male,22,xyz,abc,123,mn,aa
f,123,uvfdg@gmail.com,male,22,xyz,abc,123,mn,aa
dsf,345,uvfdgfd@gmail.com,male,22,xyz,abc,123,aa
ajay,123456,uv@gmail.com,male,22,xyz,abc,123,mn,aa
sarath,12346,uvjay@gmail.com,male,22,xyz,abc,123,mn,aa
abas,123456,uvasd@gmail.com,male,22,xyz,cdsv,123,fd,aa
adsf,7654,uvasdsdsd@gmail.com,male,22,xyz,abc,123,mn,aa
dfsdg,6565,uvqwer@gmail.com,male,22,xyz,abc,123,mn,aa
sf,765,uvzxc@gmail.com,male,22,xyz,abc,123,mn,aa
f,43,uvkjhg@gmail.com,male,22,xyz,abc,123,mn,aa
f,123,uvfdg@gmail.com,male,22,xyz,abc,123,mn,aa
dsf,345,uvfdgfd@gmail.com,male,22,xyz,abc,123,aa
ajay,123456,uv@gmail.com,male,22,xyz,abc,123,mn,aa
sarath,12346,uvjay@gmail.com,male,22,xyz,abc,123,mn,aa
abas,123456,uvasd@gmail.com,male,22,xyz,cdsv,123,fd,aa
adsf,7654,uvasdsdsd@gmail.com,male,22,xyz,abc,123,mn,aa
dfsdg,6565,uvqwer@gmail.com,male,22,xyz,abc,123,mn,aa
sf,765,uvzxc@gmail.com,male,22,xyz,abc,123,mn,aa
f,43,uvkjhg@gmail.com,male,22,xyz,abc,123,mn,aa
f,123,uvfdg@gmail.com,male,22,xyz,abc,123,mn,aa
dsf,345,uvfdgfd@gmail.com,male,22,xyz,abc,123,aa
ajay,123456,uv@gmail.com,male,22,xyz,abc,123,mn,aa
sarath,12346,uvjay@gmail.com,male,22,xyz,abc,123,mn,aa
abas,123456,uvasd@gmail.com,male,22,xyz,cdsv,123,fd,aa
adsf,7654,uvasdsdsd@gmail.com,male,22,xyz,abc,123,mn,aa
dfsdg,6565,uvqwer@gmail.com,male,22,xyz,abc,123,mn,aa
sf,765,uvzxc@gmail.com,male,22,xyz,abc,123,mn,aa
f,43,uvkjhg@gmail.com,male,22,xyz,abc,123,mn,aa
f,123,uvfdg@gmail.com,male,22,xyz,abc,123,mn,aa
dsf,345,uvfdgfd@gmail.com,male,22,xyz,abc,123,aa
ajay,123456,uv@gmail.com,male,22,xyz,abc,123,mn,aa
sarath,12346,uvjay@gmail.com,male,22,xyz,abc,123,mn,aa
abas,123456,uvasd@gmail.com,male,22,xyz,cdsv,123,fd,aa
adsf,7654,uvasdsdsd@gmail.com,male,22,xyz,abc,123,mn,aa
dfsdg,6565,uvqwer@gmail.com,male,22,xyz,abc,123,mn,aa
sf,765,uvzxc@gmail.com,male,22,xyz,abc,123,mn,aa
f,43,uvkjhg@gmail.com,male,22,xyz,abc,123,mn,aa
f,123,uvfdg@gmail.com,male,22,xyz,abc,123,mn,aa
dsf,345,uvfdgfd@gmail.com,male,22,xyz,abc,123,aa
ajay,123456,uv@gmail.com,male,22,xyz,abc,123,mn,aa
sarath,12346,uvjay@gmail.com,male,22,xyz,abc,123,mn,aa
abas,123456,uvasd@gmail.com,male,22,xyz,cdsv,123,fd,aa
adsf,7654,uvasdsdsd@gmail.com,male,22,xyz,abc,123,mn,aa
dfsdg,6565,uvqwer@gmail.com,male,22,xyz,abc,123,mn,aa
sf,765,uvzxc@gmail.com,male,22,xyz,abc,123,mn,aa
f,43,uvkjhg@gmail.com,male,22,xyz,abc,123,mn,aa
f,123,uvfdg@gmail.com,male,22,xyz,abc,123,mn,aa
dsf,345,uvfdgfd@gmail.com,male,22,xyz,abc,123,aa
ajay,123456,uv@gmail.com,male,22,xyz,abc,123,mn,aa
sarath,12346,uvjay@gmail.com,male,22,xyz,abc,123,mn,aa
abas,123456,uvasd@gmail.com,male,22,xyz,cdsv,123,fd,aa
adsf,7654,uvasdsdsd@gmail.com,male,22,xyz,abc,123,mn,aa
dfsdg,6565,uvqwer@gmail.com,male,22,xyz,abc,123,mn,aa
sf,765,uvzxc@gmail.com,male,22,xyz,abc,123,mn,aa
f,43,uvkjhg@gmail.com,male,22,xyz,abc,123,mn,aa
f,123,uvfdg@gmail.com,male,22,xyz,abc,123,mn,aa
dsf,345,uvfdgfd@gmail.com,male,22,xyz,abc,123,aa
ajay,123456,uv@gmail.com,male,22,xyz,abc,123,mn,aa
sarath,12346,uvjay@gmail.com,male,22,xyz,abc,123,mn,aa
abas,123456,uvasd@gmail.com,male,22,xyz,cdsv,123,fd,aa
adsf,7654,uvasdsdsd@gmail.com,male,22,xyz,abc,123,mn,aa
dfsdg,6565,uvqwer@gmail.com,male,22,xyz,abc,123,mn,aa
sf,765,uvzxc@gmail.com,male,22,xyz,abc,123,mn,aa
f,43,uvkjhg@gmail.com,male,22,xyz,abc,123,mn,aa
f,123,uvfdg@gmail.com,male,22,xyz,abc,123,mn,aa
dsf,345,uvfdgfd@gmail.com,male,22,xyz,abc,123,aa
ajay,123456,uv@gmail.com,male,22,xyz,abc,123,mn,aa
sarath,12346,uvjay@gmail.com,male,22,xyz,abc,123,mn,aa
abas,123456,uvasd@gmail.com,male,22,xyz,cdsv,123,fd,aa
adsf,7654,uvasdsdsd@gmail.com,male,22,xyz,abc,123,mn,aa
dfsdg,6565,uvqwer@gmail.com,male,22,xyz,abc,123,mn,aa
sf,765,uvzxc@gmail.com,male,22,xyz,abc,123,mn,aa
f,43,uvkjhg@gmail.com,male,22,xyz,abc,123,mn,aa
f,123,uvfdg@gmail.com,male,22,xyz,abc,123,mn,aa
dsf,345,uvfdgfd@gmail.com,male,22,xyz,abc,123,aa
ajay,123456,uv@gmail.com,male,22,xyz,abc,123,mn,aa
sarath,12346,uvjay@gmail.com,male,22,xyz,abc,123,mn,aa
abas,123456,uvasd@gmail.com,male,22,xyz,cdsv,123,fd,aa
adsf,7654,uvasdsdsd@gmail.com,male,22,xyz,abc,123,mn,aa
dfsdg,6565,uvqwer@gmail.com,male,22,xyz,abc,123,mn,aa
sf,765,uvzxc@gmail.com,male,22,xyz,abc,123,mn,aa
f,43,uvkjhg@gmail.com,male,22,xyz,abc,123,mn,aa
f,123,uvfdg@gmail.com,male,22,xyz,abc,123,mn,aa
dsf,345,uvfdgfd@gmail.com,male,22,xyz,abc,123,aa
ajay,123456,uv@gmail.com,male,22,xyz,abc,123,mn,aa
sarath,12346,uvjay@gmail.com,male,22,xyz,abc,123,mn,aa
abas,123456,uvasd@gmail.com,male,22,xyz,cdsv,123,fd,aa
adsf,7654,uvasdsdsd@gmail.com,male,22,xyz,abc,123,mn,aa
dfsdg,6565,uvqwer@gmail.com,male,22,xyz,abc,123,mn,aa
sf,765,uvzxc@gmail.com,male,22,xyz,abc,123,mn,aa
f,43,uvkjhg@gmail.com,male,22,xyz,abc,123,mn,aa
f,123,uvfdg@gmail.com,male,22,xyz,abc,123,mn,aa
dsf,345,uvfdgfd@gmail.com,male,22,xyz,abc,123,aa
ajay,123456,uv@gmail.com,male,22,xyz,abc,123,mn,aa
sarath,12346,uvjay@gmail.com,male,22,xyz,abc,123,mn,aa
abas,123456,uvasd@gmail.com,male,22,xyz,cdsv,123,fd,aa
adsf,7654,uvasdsdsd@gmail.com,male,22,xyz,abc,123,mn,aa
dfsdg,6565,uvqwer@gmail.com,male,22,xyz,abc,123,mn,aa
sf,765,uvzxc@gmail.com,male,22,xyz,abc,123,mn,aa
f,43,uvkjhg@gmail.com,male,22,xyz,abc,123,mn,aa
f,123,uvfdg@gmail.com,male,22,xyz,abc,123,mn,aa
dsf,345,uvfdgfd@gmail.com,male,22,xyz,abc,123,aa
ajay,123456,uv@gmail.com,male,22,xyz,abc,123,mn,aa
sarath,12346,uvjay@gmail.com,male,22,xyz,abc,123,mn,aa
abas,123456,uvasd@gmail.com,male,22,xyz,cdsv,123,fd,aa
adsf,7654,uvasdsdsd@gmail.com,male,22,xyz,abc,123,mn,aa
dfsdg,6565,uvqwer@gmail.com,male,22,xyz,abc,123,mn,aa
sf,765,uvzxc@gmail.com,male,22,xyz,abc,123,mn,aa
f,43,uvkjhg@gmail.com,male,22,xyz,abc,123,mn,aa
f,123,uvfdg@gmail.com,male,22,xyz,abc,123,mn,aa
dsf,345,uvfdgfd@gmail.com,male,22,xyz,abc,123,aa
ajay,123456,uv@gmail.com,male,22,xyz,abc,123,mn,aa
sarath,12346,uvjay@gmail.com,male,22,xyz,abc,123,mn,aa
abas,123456,uvasd@gmail.com,male,22,xyz,cdsv,123,fd,aa
adsf,7654,uvasdsdsd@gmail.com,male,22,xyz,abc,123,mn,aa
dfsdg,6565,uvqwer@gmail.com,male,22,xyz,abc,123,mn,aa
sf,765,uvzxc@gmail.com,male,22,xyz,abc,123,mn,aa
f,43,uvkjhg@gmail.com,male,22,xyz,abc,123,mn,aa
f,123,uvfdg@gmail.com,male,22,xyz,abc,123,mn,aa
dsf,345,uvfdgfd@gmail.com,male,22,xyz,abc,123,aa
ajay,123456,uv@gmail.com,male,22,xyz,abc,123,mn,aa
sarath,12346,uvjay@gmail.com,male,22,xyz,abc,123,mn,aa
abas,123456,uvasd@gmail.com,male,22,xyz,cdsv,123,fd,aa
adsf,7654,uvasdsdsd@gmail.com,male,22,xyz,abc,123,mn,aa
dfsdg,6565,uvqwer@gmail.com,male,22,xyz,abc,123,mn,aa
sf,765,uvzxc@gmail.com,male,22,xyz,abc,123,mn,aa
f,43,uvkjhg@gmail.com,male,22,xyz,abc,123,mn,aa
f,123,uvfdg@gmail.com,male,22,xyz,abc,123,mn,aa
dsf,345,uvfdgfd@gmail.com,male,22,xyz,abc,123,aa
ajay,123456,uv@gmail.com,male,22,xyz,abc,123,mn,aa
sarath,12346,uvjay@gmail.com,male,22,xyz,abc,123,mn,aa
abas,123456,uvasd@gmail.com,male,22,xyz,cdsv,123,fd,aa
adsf,7654,uvasdsdsd@gmail.com,male,22,xyz,abc,123,mn,aa
dfsdg,6565,uvqwer@gmail.com,male,22,xyz,abc,123,mn,aa
sf,765,uvzxc@gmail.com,male,22,xyz,abc,123,mn,aa
f,43,uvkjhg@gmail.com,male,22,xyz,abc,123,mn,aa
f,123,uvfdg@gmail.com,male,22,xyz,abc,123,mn,aa
dsf,345,uvfdgfd@gmail.com,male,22,xyz,abc,123,aa
ajay,123456,uv@gmail.com,male,22,xyz,abc,123,mn,aa
sarath,12346,uvjay@gmail.com,male,22,xyz,abc,123,mn,aa
abas,123456,uvasd@gmail.com,male,22,xyz,cdsv,123,fd,aa
adsf,7654,uvasdsdsd@gmail.com,male,22,xyz,abc,123,mn,aa
dfsdg,6565,uvqwer@gmail.com,male,22,xyz,abc,123,mn,aa
sf,765,uvzxc@gmail.com,male,22,xyz,abc,123,mn,aa
f,43,uvkjhg@gmail.com,male,22,xyz,abc,123,mn,aa
f,123,uvfdg@gmail.com,male,22,xyz,abc,123,mn,aa
dsf,345,uvfdgfd@gmail.com,male,22,xyz,abc,123,aa
ajay,123456,uv@gmail.com,male,22,xyz,abc,123,mn,aa
sarath,12346,uvjay@gmail.com,male,22,xyz,abc,123,mn,aa
abas,123456,uvasd@gmail.com,male,22,xyz,cdsv,123,fd,aa
adsf,7654,uvasdsdsd@gmail.com,male,22,xyz,abc,123,mn,aa
dfsdg,6565,uvqwer@gmail.com,male,22,xyz,abc,123,mn,aa
sf,765,uvzxc@gmail.com,male,22,xyz,abc,123,mn,aa
f,43,uvkjhg@gmail.com,male,22,xyz,abc,123,mn,aa
f,123,uvfdg@gmail.com,male,22,xyz,abc,123,mn,aa
dsf,345,uvfdgfd@gmail.com,male,22,xyz,abc,123,aa
ajay,123456,uv@gmail.com,male,22,xyz,abc,123,mn,aa
sarath,12346,uvjay@gmail.com,male,22,xyz,abc,123,mn,aa
abas,123456,uvasd@gmail.com,male,22,xyz,cdsv,123,fd,aa
adsf,7654,uvasdsdsd@gmail.com,male,22,xyz,abc,123,mn,aa
dfsdg,6565,uvqwer@gmail.com,male,22,xyz,abc,123,mn,aa
sf,765,uvzxc@gmail.com,male,22,xyz,abc,123,mn,aa
f,43,uvkjhg@gmail.com,male,22,xyz,abc,123,mn,aa
f,123,uvfdg@gmail.com,male,22,xyz,abc,123,mn,aa
dsf,345,uvfdgfd@gmail.com,male,22,xyz,abc,123,aa
ajay,123456,uv@gmail.com,male,22,xyz,abc,123,mn,aa
sarath,12346,uvjay@gmail.com,male,22,xyz,abc,123,mn,aa
abas,123456,uvasd@gmail.com,male,22,xyz,cdsv,123,fd,aa
adsf,7654,uvasdsdsd@gmail.com,male,22,xyz,abc,123,mn,aa
dfsdg,6565,uvqwer@gmail.com,male,22,xyz,abc,123,mn,aa
sf,765,uvzxc@gmail.com,male,22,xyz,abc,123,mn,aa
f,43,uvkjhg@gmail.com,male,22,xyz,abc,123,mn,aa
f,123,uvfdg@gmail.com,male,22,xyz,abc,123,mn,aa
dsf,345,uvfdgfd@gmail.com,male,22,xyz,abc,123,aa
ajay,123456,uv@gmail.com,male,22,xyz,abc,123,mn,aa
sarath,12346,uvjay@gmail.com,male,22,xyz,abc,123,mn,aa
abas,123456,uvasd@gmail.com,male,22,xyz,cdsv,123,fd,aa
adsf,7654,uvasdsdsd@gmail.com,male,22,xyz,abc,123,mn,aa
dfsdg,6565,uvqwer@gmail.com,male,22,xyz,abc,123,mn,aa
sf,765,uvzxc@gmail.com,male,22,xyz,abc,123,mn,aa
f,43,uvkjhg@gmail.com,male,22,xyz,abc,123,mn,aa
f,123,uvfdg@gmail.com,male,22,xyz,abc,123,mn,aa
dsf,345,uvfdgfd@gmail.com,male,22,xyz,abc,123,aa
ajay,123456,uv@gmail.com,male,22,xyz,abc,123,mn,aa
sarath,12346,uvjay@gmail.com,male,22,xyz,abc,123,mn,aa
abas,123456,uvasd@gmail.com,male,22,xyz,cdsv,123,fd,aa
adsf,7654,uvasdsdsd@gmail.com,male,22,xyz,abc,123,mn,aa
dfsdg,6565,uvqwer@gmail.com,male,22,xyz,abc,123,mn,aa
sf,765,uvzxc@gmail.com,male,22,xyz,abc,123,mn,aa
f,43,uvkjhg@gmail.com,male,22,xyz,abc,123,mn,aa
f,123,uvfdg@gmail.com,male,22,xyz,abc,123,mn,aa
dsf,345,uvfdgfd@gmail.com,male,22,xyz,abc,123,aa
ajay,123456,uv@gmail.com,male,22,xyz,abc,123,mn,aa
sarath,12346,uvjay@gmail.com,male,22,xyz,abc,123,mn,aa
abas,123456,uvasd@gmail.com,male,22,xyz,cdsv,123,fd,aa
adsf,7654,uvasdsdsd@gmail.com,male,22,xyz,abc,123,mn,aa
dfsdg,6565,uvqwer@gmail.com,male,22,xyz,abc,123,mn,aa
sf,765,uvzxc@gmail.com,male,22,xyz,abc,123,mn,aa
f,43,uvkjhg@gmail.com,male,22,xyz,abc,123,mn,aa
f,123,uvfdg@gmail.com,male,22,xyz,abc,123,mn,aa
dsf,345,uvfdgfd@gmail.com,male,22,xyz,abc,123,aa
ajay,123456,uv@gmail.com,male,22,xyz,abc,123,mn,aa
sarath,12346,uvjay@gmail.com,male,22,xyz,abc,123,mn,aa
abas,123456,uvasd@gmail.com,male,22,xyz,cdsv,123,fd,aa
adsf,7654,uvasdsdsd@gmail.com,male,22,xyz,abc,123,mn,aa
dfsdg,6565,uvqwer@gmail.com,male,22,xyz,abc,123,mn,aa
sf,765,uvzxc@gmail.com,male,22,xyz,abc,123,mn,aa
f,43,uvkjhg@gmail.com,male,22,xyz,abc,123,mn,aa
f,123,uvfdg@gmail.com,male,22,xyz,abc,123,mn,aa
dsf,345,uvfdgfd@gmail.com,male,22,xyz,abc,123,aa
ajay,123456,uv@gmail.com,male,22,xyz,abc,123,mn,aa
sarath,12346,uvjay@gmail.com,male,22,xyz,abc,123,mn,aa
abas,123456,uvasd@gmail.com,male,22,xyz,cdsv,123,fd,aa
adsf,7654,uvasdsdsd@gmail.com,male,22,xyz,abc,123,mn,aa
dfsdg,6565,uvqwer@gmail.com,male,22,xyz,abc,123,mn,aa
sf,765,uvzxc@gmail.com,male,22,xyz,abc,123,mn,aa
f,43,uvkjhg@gmail.com,male,22,xyz,abc,123,mn,aa
f,123,uvfdg@gmail.com,male,22,xyz,abc,123,mn,aa
dsf,345,uvfdgfd@gmail.com,male,22,xyz,abc,123,aa
ajay,123456,uv@gmail.com,male,22,xyz,abc,123,mn,aa
sarath,12346,uvjay@gmail.com,male,22,xyz,abc,123,mn,aa
abas,123456,uvasd@gmail.com,male,22,xyz,cdsv,123,fd,aa
adsf,7654,uvasdsdsd@gmail.com,male,22,xyz,abc,123,mn,aa
dfsdg,6565,uvqwer@gmail.com,male,22,xyz,abc,123,mn,aa
sf,765,uvzxc@gmail.com,male,22,xyz,abc,123,mn,aa
f,43,uvkjhg@gmail.com,male,22,xyz,abc,123,mn,aa
f,123,uvfdg@gmail.com,male,22,xyz,abc,123,mn,aa
dsf,345,uvfdgfd@gmail.com,male,22,xyz,abc,123,aa
ajay,123456,uv@gmail.com,male,22,xyz,abc,123,mn,aa
sarath,12346,uvjay@gmail.com,male,22,xyz,abc,123,mn,aa
abas,123456,uvasd@gmail.com,male,22,xyz,cdsv,123,fd,aa
adsf,7654,uvasdsdsd@gmail.com,male,22,xyz,abc,123,mn,aa
dfsdg,6565,uvqwer@gmail.com,male,22,xyz,abc,123,mn,aa
sf,765,uvzxc@gmail.com,male,22,xyz,abc,123,mn,aa
f,43,uvkjhg@gmail.com,male,22,xyz,abc,123,mn,aa
f,123,uvfdg@gmail.com,male,22,xyz,abc,123,mn,aa
dsf,345,uvfdgfd@gmail.com,male,22,xyz,abc,123,aa
ajay,123456,uv@gmail.com,male,22,xyz,abc,123,mn,aa
sarath,12346,uvjay@gmail.com,male,22,xyz,abc,123,mn,aa
abas,123456,uvasd@gmail.com,male,22,xyz,cdsv,123,fd,aa
adsf,7654,uvasdsdsd@gmail.com,male,22,xyz,abc,123,mn,aa
dfsdg,6565,uvqwer@gmail.com,male,22,xyz,abc,123,mn,aa
sf,765,uvzxc@gmail.com,male,22,xyz,abc,123,mn,aa
f,43,uvkjhg@gmail.com,male,22,xyz,abc,123,mn,aa
f,123,uvfdg@gmail.com,male,22,xyz,abc,123,mn,aa
dsf,345,uvfdgfd@gmail.com,male,22,xyz,abc,123,aa
ajay,123456,uv@gmail.com,male,22,xyz,abc,123,mn,aa
sarath,12346,uvjay@gmail.com,male,22,xyz,abc,123,mn,aa
abas,123456,uvasd@gmail.com,male,22,xyz,cdsv,123,fd,aa
adsf,7654,uvasdsdsd@gmail.com,male,22,xyz,abc,123,mn,aa
dfsdg,6565,uvqwer@gmail.com,male,22,xyz,abc,123,mn,aa
sf,765,uvzxc@gmail.com,male,22,xyz,abc,123,mn,aa
f,43,uvkjhg@gmail.com,male,22,xyz,abc,123,mn,aa
f,123,uvfdg@gmail.com,male,22,xyz,abc,123,mn,aa
dsf,345,uvfdgfd@gmail.com,male,22,xyz,abc,123,aa
ajay,123456,uv@gmail.com,male,22,xyz,abc,123,mn,aa
sarath,12346,uvjay@gmail.com,male,22,xyz,abc,123,mn,aa
abas,123456,uvasd@gmail.com,male,22,xyz,cdsv,123,fd,aa
adsf,7654,uvasdsdsd@gmail.com,male,22,xyz,abc,123,mn,aa
dfsdg,6565,uvqwer@gmail.com,male,22,xyz,abc,123,mn,aa
sf,765,uvzxc@gmail.com,male,22,xyz,abc,123,mn,aa
f,43,uvkjhg@gmail.com,male,22,xyz,abc,123,mn,aa
f,123,uvfdg@gmail.com,male,22,xyz,abc,123,mn,aa
dsf,345,uvfdgfd@gmail.com,male,22,xyz,abc,123,aa
ajay,123456,uv@gmail.com,male,22,xyz,abc,123,mn,aa
sarath,12346,uvjay@gmail.com,male,22,xyz,abc,123,mn,aa
abas,123456,uvasd@gmail.com,male,22,xyz,cdsv,123,fd,aa
adsf,7654,uvasdsdsd@gmail.com,male,22,xyz,abc,123,mn,aa
dfsdg,6565,uvqwer@gmail.com,male,22,xyz,abc,123,mn,aa
sf,765,uvzxc@gmail.com,male,22,xyz,abc,123,mn,aa
f,43,uvkjhg@gmail.com,male,22,xyz,abc,123,mn,aa
f,123,uvfdg@gmail.com,male,22,xyz,abc,123,mn,aa
dsf,345,uvfdgfd@gmail.com,male,22,xyz,abc,123,aa
ajay,123456,uv@gmail.com,male,22,xyz,abc,123,mn,aa
sarath,12346,uvjay@gmail.com,male,22,xyz,abc,123,mn,aa
abas,123456,uvasd@gmail.com,male,22,xyz,cdsv,123,fd,aa
adsf,7654,uvasdsdsd@gmail.com,male,22,xyz,abc,123,mn,aa
dfsdg,6565,uvqwer@gmail.com,male,22,xyz,abc,123,mn,aa
sf,765,uvzxc@gmail.com,male,22,xyz,abc,123,mn,aa
f,43,uvkjhg@gmail.com,male,22,xyz,abc,123,mn,aa
f,123,uvfdg@gmail.com,male,22,xyz,abc,123,mn,aa
dsf,345,uvfdgfd@gmail.com,male,22,xyz,abc,123,aa
ajay,123456,uv@gmail.com,male,22,xyz,abc,123,mn,aa
sarath,12346,uvjay@gmail.com,male,22,xyz,abc,123,mn,aa
abas,123456,uvasd@gmail.com,male,22,xyz,cdsv,123,fd,aa
adsf,7654,uvasdsdsd@gmail.com,male,22,xyz,abc,123,mn,aa
dfsdg,6565,uvqwer@gmail.com,male,22,xyz,abc,123,mn,aa
sf,765,uvzxc@gmail.com,male,22,xyz,abc,123,mn,aa
f,43,uvkjhg@gmail.com,male,22,xyz,abc,123,mn,aa
f,123,uvfdg@gmail.com,male,22,xyz,abc,123,mn,aa
dsf,345,uvfdgfd@gmail.com,male,22,xyz,abc,123,aa
ajay,123456,uv@gmail.com,male,22,xyz,abc,123,mn,aa
sarath,12346,uvjay@gmail.com,male,22,xyz,abc,123,mn,aa
abas,123456,uvasd@gmail.com,male,22,xyz,cdsv,123,fd,aa
adsf,7654,uvasdsdsd@gmail.com,male,22,xyz,abc,123,mn,aa
dfsdg,6565,uvqwer@gmail.com,male,22,xyz,abc,123,mn,aa
sf,765,uvzxc@gmail.com,male,22,xyz,abc,123,mn,aa
f,43,uvkjhg@gmail.com,male,22,xyz,abc,123,mn,aa
f,123,uvfdg@gmail.com,male,22,xyz,abc,123,mn,aa
dsf,345,uvfdgfd@gmail.com,male,22,xyz,abc,123,aa
ajay,123456,uv@gmail.com,male,22,xyz,abc,123,mn,aa
sarath,12346,uvjay@gmail.com,male,22,xyz,abc,123,mn,aa
abas,123456,uvasd@gmail.com,male,22,xyz,cdsv,123,fd,aa
adsf,7654,uvasdsdsd@gmail.com,male,22,xyz,abc,123,mn,aa
dfsdg,6565,uvqwer@gmail.com,male,22,xyz,abc,123,mn,aa
sf,765,uvzxc@gmail.com,male,22,xyz,abc,123,mn,aa
f,43,uvkjhg@gmail.com,male,22,xyz,abc,123,mn,aa
f,123,uvfdg@gmail.com,male,22,xyz,abc,123,mn,aa
dsf,345,uvfdgfd@gmail.com,male,22,xyz,abc,123,aa
ajay,123456,uv@gmail.com,male,22,xyz,abc,123,mn,aa
sarath,12346,uvjay@gmail.com,male,22,xyz,abc,123,mn,aa
abas,123456,uvasd@gmail.com,male,22,xyz,cdsv,123,fd,aa
adsf,7654,uvasdsdsd@gmail.com,male,22,xyz,abc,123,mn,aa
dfsdg,6565,uvqwer@gmail.com,male,22,xyz,abc,123,mn,aa
sf,765,uvzxc@gmail.com,male,22,xyz,abc,123,mn,aa
f,43,uvkjhg@gmail.com,male,22,xyz,abc,123,mn,aa
f,123,uvfdg@gmail.com,male,22,xyz,abc,123,mn,aa
dsf,345,uvfdgfd@gmail.com,male,22,xyz,abc,123,aa
ajay,123456,uv@gmail.com,male,22,xyz,abc,123,mn,aa
sarath,12346,uvjay@gmail.com,male,22,xyz,abc,123,mn,aa